"Page GID","Page handle","Page title","Metafield namespace","Metafield key","Metafield type","Metafield value"
"gid://shopify/Page/24736170054","downloads","Downloads","global","Tyan S7106GM2NR","string","Tyan S7106GM2NR, S7106GM2NR_v101, S7106GM2NR-BMC_v100"
"gid://shopify/Page/24736170054","downloads","Downloads","global","DS_Premio_ACO-6010-16X-M12","string","https://premio.blob.core.windows.net/premio/uploads/resource/DS_Premio_ACO-6010-16X.pdf#page=3"
"gid://shopify/Page/24736170054","downloads","Downloads","global","DS_Premio_ACO-6010-16X","string","https://premio.blob.core.windows.net/premio/uploads/resource/DS_Premio_ACO-6010-16X.pdf"
"gid://shopify/Page/24736170054","downloads","Downloads","global","PA-POE156_ds_v2","string","https://premio.blob.core.windows.net/premio/uploads/resource/PA-POE156_ds_v2.pdf"
"gid://shopify/Page/24736170054","downloads","Downloads","global","DataSheet_Premio_PC210","string","https://premio.blob.core.windows.net/premio/uploads/resource/VIO/DataSheet_Premio_PC210.pdf"
"gid://shopify/Page/24736170054","downloads","Downloads","global","DataSheet_Premio_PC200","string","https://premio.blob.core.windows.net/premio/uploads/resource/VIO/DataSheet_Premio_PC200.pdf"
"gid://shopify/Page/24736170054","downloads","Downloads","global","UserManual_VIO-PC","string","VIO-PC User Manual, https://premio.blob.core.windows.net/premio/uploads/resource/VIO/UserManual_VIO-PC.pdf"
"gid://shopify/Page/24736170054","downloads","Downloads","global","DataSheet_VIO-W221x-PC210","string","21.5"" VIO-PC210, https://premio.blob.core.windows.net/premio/uploads/resource/DS_Premio_VIO-W221-PC210.pdf"
"gid://shopify/Page/24736170054","downloads","Downloads","global","DataSheet_VIO-W221x-PC200","string","21.5"" VIO-PC200, https://premio.blob.core.windows.net/premio/uploads/resource/DS_Premio_VIO-W221-PC200.pdf"
"gid://shopify/Page/24736170054","downloads","Downloads","global","Datasheet_VIO-W221x-PC311","string","21.5” VIO-PC311, https://premio.blob.core.windows.net/premio/uploads/resource/VIO/Datasheet_VIO-W221x-PC311.pdf"
"gid://shopify/Page/24736170054","downloads","Downloads","global","Datasheet_VIO-W221x-PC300","string","21.5” VIO-PC300, https://premio.blob.core.windows.net/premio/uploads/resource/VIO/Datasheet_VIO-W221x-PC300.pdf"
"gid://shopify/Page/24736170054","downloads","Downloads","global","DataSheet_VIO-W215x-PC210","string","15.6"" VIO-PC210, https://premio.blob.core.windows.net/premio/uploads/resource/DS_Premio_VIO-W215-PC210.pdf"
"gid://shopify/Page/24736170054","downloads","Downloads","global","DataSheet_VIO-W215x-PC200","string","15.6"" VIO-PC200, https://premio.blob.core.windows.net/premio/uploads/resource/DS_Premio_VIO-W215-PC200.pdf"
"gid://shopify/Page/24736170054","downloads","Downloads","global","Datasheet_VIO-W215x-PC311","string","15.6” VIO-PC311, https://premio.blob.core.windows.net/premio/uploads/resource/VIO/Datasheet_VIO-W215x-PC311.pdf"
"gid://shopify/Page/24736170054","downloads","Downloads","global","Datasheet_VIO-W215x-PC300","string","15.6” VIO-PC300, https://premio.blob.core.windows.net/premio/uploads/resource/VIO/Datasheet_VIO-W215x-PC300.pdf"
"gid://shopify/Page/24736170054","downloads","Downloads","global","DataSheet_VIO-219x-PC210","string","19"" VIO-PC210, https://premio.blob.core.windows.net/premio/uploads/resource/DS_Premio_VIO-219-PC210.pdf"
"gid://shopify/Page/24736170054","downloads","Downloads","global","DataSheet_VIO-219x-PC200","string","19"" VIO-PC200, https://premio.blob.core.windows.net/premio/uploads/resource/DS_Premio_VIO-219-PC200.pdf"
"gid://shopify/Page/24736170054","downloads","Downloads","global","Datasheet_VIO-219x-PC311","string","19” VIO-PC311, https://premio.blob.core.windows.net/premio/uploads/resource/VIO/Datasheet_VIO-219x-PC311.pdf"
"gid://shopify/Page/24736170054","downloads","Downloads","global","Datasheet_VIO-219x-PC300","string","19” VIO-PC300, https://premio.blob.core.windows.net/premio/uploads/resource/VIO/Datasheet_VIO-219x-PC300.pdf"
"gid://shopify/Page/24736170054","downloads","Downloads","global","DataSheet_VIO-217x-PC210","string","17"" VIO-PC210, https://premio.blob.core.windows.net/premio/uploads/resource/DS_Premio_VIO-217-PC210.pdf"
"gid://shopify/Page/24736170054","downloads","Downloads","global","DataSheet_VIO-217x-PC200","string","17"" VIO-PC200, https://premio.blob.core.windows.net/premio/uploads/resource/DS_Premio_VIO-217-PC200.pdf"
"gid://shopify/Page/24736170054","downloads","Downloads","global","Datasheet_VIO-217x-PC311","string","17” VIO-PC311, https://premio.blob.core.windows.net/premio/uploads/resource/VIO/Datasheet_VIO-217x-PC311.pdf"
"gid://shopify/Page/24736170054","downloads","Downloads","global","Datasheet_VIO-217x-PC300","string","17” VIO-PC300, https://premio.blob.core.windows.net/premio/uploads/resource/VIO/Datasheet_VIO-217x-PC300.pdf"
"gid://shopify/Page/24736170054","downloads","Downloads","global","DataSheet_VIO-215x-PC210","string","15"" VIO-PC210, https://premio.blob.core.windows.net/premio/uploads/resource/DS_Premio_VIO-215-PC210.pdf"
"gid://shopify/Page/24736170054","downloads","Downloads","global","DataSheet_VIO-215x-PC200","string","15"" VIO-PC200, https://premio.blob.core.windows.net/premio/uploads/resource/DS_Premio_VIO-215-PC200.pdf"
"gid://shopify/Page/24736170054","downloads","Downloads","global","Datasheet_VIO-215x-PC311","string","15” VIO-PC311, https://premio.blob.core.windows.net/premio/uploads/resource/VIO/Datasheet_VIO-215x-PC311.pdf"
"gid://shopify/Page/24736170054","downloads","Downloads","global","Datasheet_VIO-215x-PC300","string","15” VIO-PC300, https://premio.blob.core.windows.net/premio/uploads/resource/VIO/Datasheet_VIO-215x-PC300.pdf"
"gid://shopify/Page/24736170054","downloads","Downloads","global","DataSheet_VIO-212x-PC210","string","12.1"" VIO-PC210, https://premio.blob.core.windows.net/premio/uploads/resource/DS_Premio_VIO-212-PC210.pdf"
"gid://shopify/Page/24736170054","downloads","Downloads","global","DataSheet_VIO-212x-PC200","string","12.1"" VIO-PC200, https://premio.blob.core.windows.net/premio/uploads/resource/DS_Premio_VIO-212-PC200.pdf"
"gid://shopify/Page/24736170054","downloads","Downloads","global","DataSheet_VIO-212x-PC311","string","12.1” VIO-PC311X, https://premio.blob.core.windows.net/premio/uploads/resource/VIO/DataSheet_VIO-212x-PC311.pdf"
"gid://shopify/Page/24736170054","downloads","Downloads","global","Datasheet_VIO-212x-PC300","string","12.1” VIO-PC300, https://premio.blob.core.windows.net/premio/uploads/resource/VIO/Datasheet_VIO-212x-PC300.pdf"
"gid://shopify/Page/24736170054","downloads","Downloads","global","Premio_DS_VCO-6020-1050TI","string","https://premio.blob.core.windows.net/premio/uploads/resource/Premio_DS_VCO-6020-1050TI.PDF"
"gid://shopify/Page/24736170054","downloads","Downloads","global","Premio_DS_RCO-6020-1050TI","string","https://premio.blob.core.windows.net/premio/uploads/resource/Premio_DS_RCO-6020-1050TI.pdf"
"gid://shopify/Page/24736170054","downloads","Downloads","global","VCO-6020-1050TI%202","string","https://premio.blob.core.windows.net/premio/uploads/resource/VCO-6020-1050TI%202.JPG"
"gid://shopify/Page/24736170054","downloads","Downloads","global","RCO-6020-1050TI%202","string","https://premio.blob.core.windows.net/premio/uploads/resource/RCO-6020-1050TI%202.JPG"
"gid://shopify/Page/24736170054","downloads","Downloads","global","VCO-6000_Intel_PB_2018","string","https://premio.blob.core.windows.net/premio/uploads/2018/09/VCO-6000_Intel_ProductBrief_Premio_2018.pdf"
"gid://shopify/Page/24736170054","downloads","Downloads","global","BIOS_VCO-6000","string","https://premio.blob.core.windows.net/premio/uploads/2018/08/BIOS_VCO-6000_VC601R01_20180622.zip"
"gid://shopify/Page/24736170054","downloads","Downloads","global","BIOS_RCO-6000","string","https://premio.blob.core.windows.net/premio/uploads/2018/08/BIOS_RCO-6000_RC601R02_20180622.zip"
"gid://shopify/Page/24736170054","downloads","Downloads","global","ds_CT-XSL01_p","string","https://premio.blob.core.windows.net/premio/uploads/2016/11/ds_CT-XSL01_p.pdf"
"gid://shopify/Page/24736170054","downloads","Downloads","global","ds_CT-MSL01_p","string","https://premio.blob.core.windows.net/premio/uploads/2017/03/ds_CT-MSL01_p.pdf"
"gid://shopify/Page/24736170054","downloads","Downloads","global","ds_CT-DBT0x_p","string","https://premio.blob.core.windows.net/premio/uploads/2017/03/ds_CT-DBT0x_p.pdf"
"gid://shopify/Page/24736170054","downloads","Downloads","global","ds_VIO-W221x-MX100","string","Wide 21.5"", https://premio.blob.core.windows.net/premio/uploads/2017/05/ds_VIO-W221x-MX100.pdf"
"gid://shopify/Page/24736170054","downloads","Downloads","global","ds_Premio-VIO-W221x-Panel-PC","string","Wide 21.5"", https://premio.blob.core.windows.net/premio/uploads/2017/03/ds_Premio-VIO-W221x-Panel-PC.pdf"
"gid://shopify/Page/24736170054","downloads","Downloads","global","ds_VIO-219x-MX100","string","19"", https://premio.blob.core.windows.net/premio/uploads/2017/05/ds_VIO-219x-MX100.pdf"
"gid://shopify/Page/24736170054","downloads","Downloads","global","ds_Premio-VIO-219x-Panel-PC","string","19"", https://premio.blob.core.windows.net/premio/uploads/2017/03/ds_Premio-VIO-219x-Panel-PC.pdf"
"gid://shopify/Page/24736170054","downloads","Downloads","global","ds_VIO-217x-MX100","string","17"", https://premio.blob.core.windows.net/premio/uploads/2017/05/ds_VIO-217x-MX100.pdf"
"gid://shopify/Page/24736170054","downloads","Downloads","global","ds_Premio-VIO-217x-Panel-PC","string","17"", https://premio.blob.core.windows.net/premio/uploads/2017/03/ds_Premio-VIO-217x-Panel-PC.pdf"
"gid://shopify/Page/24736170054","downloads","Downloads","global","ds_VIO-W215x-MX100","string","Wide 15.6"", https://premio.blob.core.windows.net/premio/uploads/2017/05/ds_VIO-W215x-MX100.pdf"
"gid://shopify/Page/24736170054","downloads","Downloads","global","ds_Premio-VIO-W215x-Panel-PC","string","Wide 15.6"", https://premio.blob.core.windows.net/premio/uploads/2017/03/ds_Premio-VIO-W215x-Panel-PC.pdf"
"gid://shopify/Page/24736170054","downloads","Downloads","global","ds_VIO-215x-MX100","string","15"", https://premio.blob.core.windows.net/premio/uploads/2017/05/ds_VIO-215x-MX100.pdf"
"gid://shopify/Page/24736170054","downloads","Downloads","global","ds_Premio-VIO-215x-Panel-PC","string","PC300 Modules, https://premio.blob.core.windows.net/premio/uploads/2017/03/ds_Premio-VIO-215x-Panel-PC.pdf"
"gid://shopify/Page/24736170054","downloads","Downloads","global","UM-Generic_VIO-100-200MX100_V1","string","https://premio.blob.core.windows.net/premio/uploads/2018/02/UM-Generic_VIO-100-200MX100_V1.pdf"
"gid://shopify/Page/24736170054","downloads","Downloads","global","ds_VIO-212x-MX100","string","12.1"", https://premio.blob.core.windows.net/premio/uploads/2017/05/ds_VIO-212x-MX100.pdf"
"gid://shopify/Page/24736170054","downloads","Downloads","global","UM-Generic_VIO-100-200PC300_V1","string","https://premio.blob.core.windows.net/premio/uploads/2018/02/UM-Generic_VIO-100-200PC300_V1.2.pdf"
"gid://shopify/Page/24736170054","downloads","Downloads","global","ds_Premio-VIO-212x-Panel-PC","string","12.1"", https://premio.blob.core.windows.net/premio/uploads/2017/03/ds_Premio-VIO-212x-Panel-PC.pdf"
"gid://shopify/Page/24736170054","downloads","Downloads","global","PI-NF 21.5"" 2DDrawing","string","21.5"", 2DDrawing_PI-NF215"
"gid://shopify/Page/24736170054","downloads","Downloads","global","PI-NF 19"" 2DDrawing","string","19"", 2DDrawing_PI-NF190"
"gid://shopify/Page/24736170054","downloads","Downloads","global","PI-NF 18.5"" 2DDrawing","string","18.5"", 2DDrawing_PI-NF185"
"gid://shopify/Page/24736170054","downloads","Downloads","global","PI-NF 15.6"" 2DDrawing","string","15.6"", 2DDrawing_PI-NF156"
"gid://shopify/Page/24736170054","downloads","Downloads","global","PI-NF 15"" 2DDrawing","string","15"", 2DDrawing_PI-NF150"
"gid://shopify/Page/24736170054","downloads","Downloads","global","PI-CF 21.5"" 2DDrawing","string","21.5"", 2DDrawing_PI-CF215"
"gid://shopify/Page/24736170054","downloads","Downloads","global","PI-CF 19"" 2DDrawing","string","19"", 2DDrawing_PI-CF190"
"gid://shopify/Page/24736170054","downloads","Downloads","global","PI-CF 18.5"" 2DDrawing","string","18.5"", 2DDrawing_PI-CF185"
"gid://shopify/Page/24736170054","downloads","Downloads","global","PI-CF 15.6"" 2DDrawing","string","15.6"", 2DDrawing_PI-CF156"
"gid://shopify/Page/24736170054","downloads","Downloads","global","PI-CF 15"" 2DDrawing","string","15"", 2DDrawing_PI-CF150"
"gid://shopify/Page/24736170054","downloads","Downloads","global","PI-CF-NF 21.5"" Datasheet","string","21.5"", PI-CF215_PI-NF215_ds_v1"
"gid://shopify/Page/24736170054","downloads","Downloads","global","PI-CF-NF 19"" Datasheet","string","19"", PI-CF190_PI-NF190_ds_v1"
"gid://shopify/Page/24736170054","downloads","Downloads","global","PI-CF-NF 18.5"" Datasheet","string","18.5"", PI-CF185_PI-NF185_ds_v1"
"gid://shopify/Page/24736170054","downloads","Downloads","global","PI-CF-NF 15.6"" Datasheet","string","15.6"", PI-CF156_PI-NF156_ds_v3"
"gid://shopify/Page/24736170054","downloads","Downloads","global","PI-CF-NF 15"" Datasheet","string","15"", PI-CF150_PI-NF150_ds_v1"
"gid://shopify/Page/24736170054","downloads","Downloads","global","PI-CF215_PI-NF215_ds_v1","string","https://premio.blob.core.windows.net/premio/uploads/2017/04/PI-CF215_PI-NF215_ds_v1.pdf"
"gid://shopify/Page/24736170054","downloads","Downloads","global","PI-CF190_PI-NF190_ds_v1","string","https://premio.blob.core.windows.net/premio/uploads/2017/04/PI-CF190_PI-NF190_ds_v1.pdf"
"gid://shopify/Page/24736170054","downloads","Downloads","global","PI-CF185_PI-NF185_ds_v1","string","https://premio.blob.core.windows.net/premio/uploads/2017/04/PI-CF185_PI-NF185_ds_v1.pdf"
"gid://shopify/Page/24736170054","downloads","Downloads","global","PI-CF156_PI-NF156_ds_v3","string","https://premio.blob.core.windows.net/premio/uploads/2017/04/PI-CF156_PI-NF156_ds_v3.pdf"
"gid://shopify/Page/24736170054","downloads","Downloads","global","PI-CF150_PI-NF150_ds_v1","string","https://premio.blob.core.windows.net/premio/uploads/2017/04/PI-CF150_PI-NF150_ds_v1.pdf"
"gid://shopify/Page/24736170054","downloads","Downloads","global","PI-DK215_ds_v2","string","https://premio.blob.core.windows.net/premio/uploads/2017/02/PI-DK215_ds_v2.pdf"
"gid://shopify/Page/24736170054","downloads","Downloads","global","PI-DK190_ds_v2","string","https://premio.blob.core.windows.net/premio/uploads/2017/02/PI-DK190_ds_v2.pdf"
"gid://shopify/Page/24736170054","downloads","Downloads","global","PI-DK185_ds_v2","string","https://premio.blob.core.windows.net/premio/uploads/2017/02/PI-DK185_ds_v2.pdf"
"gid://shopify/Page/24736170054","downloads","Downloads","global","PI-DK156_ds_v2","string","https://premio.blob.core.windows.net/premio/uploads/2017/02/PI-DK156_ds_v2.pdf"
"gid://shopify/Page/24736170054","downloads","Downloads","global","PI-DK150_ds_v2","string","https://premio.blob.core.windows.net/premio/uploads/2017/02/PI-DK150_ds_v2.pdf"
"gid://shopify/Page/24736170054","downloads","Downloads","global","PI-DK121_ds_v2","string","https://premio.blob.core.windows.net/premio/uploads/2017/07/PI-DK121_ds_v2.pdf"
"gid://shopify/Page/24736170054","downloads","Downloads","global","PI-DK104_ds_v3","string","https://premio.blob.core.windows.net/premio/uploads/2016/12/PI-DK104_ds_v3.pdf"
"gid://shopify/Page/24736170054","downloads","Downloads","global","PI-DK101_ds_v3","string","https://premio.blob.core.windows.net/premio/uploads/2017/07/PI-DK101_ds_v3.pdf"
"gid://shopify/Page/24736170054","downloads","Downloads","global","PI-DK 21.5"" Datasheet","string","21.5"", PI-DK215_ds_v2"
"gid://shopify/Page/24736170054","downloads","Downloads","global","PI-DK 19"" Datasheet","string","19"", PI-DK190_ds_v2"
"gid://shopify/Page/24736170054","downloads","Downloads","global","PI-DK 18.5"" Datasheet","string","18.5"", PI-DK185_ds_v2"
"gid://shopify/Page/24736170054","downloads","Downloads","global","PI-DK 15.6"" Datasheet","string","15.6"", PI-DK156_ds_v2"
"gid://shopify/Page/24736170054","downloads","Downloads","global","PI-DK 15"" Datasheet","string","15"", PI-DK150_ds_v2"
"gid://shopify/Page/24736170054","downloads","Downloads","global","PI-DK 12.1"" Datasheet","string","12.1"", PI-DK121_ds_v2"
"gid://shopify/Page/24736170054","downloads","Downloads","global","PI-DK 10.4"" Datasheet","string","10.4"", PI-DK104_ds_v3"
"gid://shopify/Page/24736170054","downloads","Downloads","global","PI-DK 10.1"" Datasheet","string","10.1"", PI-DK101_ds_v3"
"gid://shopify/Page/24736170054","downloads","Downloads","global","PI-DK 21.5"" 2D Drawing","string","21.5"", PI-DK215R30FH01, PI-DK215P30FH01"
"gid://shopify/Page/24736170054","downloads","Downloads","global","PI-DK 19"" 2D Drawing","string","19"", PI-DK190R35SX01, PI-DK190PK6SX01, PI-DK190P35SX01"
"gid://shopify/Page/24736170054","downloads","Downloads","global","PI-DK 18.5"" 2D Drawing","string","18.5"", PI-DK185P35FH01, PI-DK185P30HD01"
"gid://shopify/Page/24736170054","downloads","Downloads","global","PI-DK 15.6"" 2D Drawing","string","15.6"", PI-DK156P40FH01, PI-DK156P30HD01"
"gid://shopify/Page/24736170054","downloads","Downloads","global","PI-DK 15"" 2D Drawing","string","15"", PI-DK150R40XG01, PI-DK150P40XG01"
"gid://shopify/Page/24736170054","downloads","Downloads","global","PI-DK 12.1"" 2D Drawing","string","12.1"", PI-DK121R50XG01, PI-DK121P50XG01"
"gid://shopify/Page/24736170054","downloads","Downloads","global","PI-DK 10.4"" 2D Drawing","string","10.4"", PI-DK104P50XG01, PI-DK104P40SV01"
"gid://shopify/Page/24736170054","downloads","Downloads","global","PI-DK 10.1"" 2D Drawing","string","10.1"", PI-DK101R50WX01, PI-DK101P50WX01"
"gid://shopify/Page/24736170054","downloads","Downloads","global","PI-DK101P50WX01","string","https://premio.blob.core.windows.net/premio/uploads/resource/PI-DK101P50WX01.pdf"
"gid://shopify/Page/24736170054","downloads","Downloads","global","PI-DK101R50WX01","string","https://premio.blob.core.windows.net/premio/uploads/resource/PI-DK101R50WX01.pdf"
"gid://shopify/Page/24736170054","downloads","Downloads","global","PI-DK104P40SV01","string","https://premio.blob.core.windows.net/premio/uploads/resource/PI-DK104P40SV01.pdf"
"gid://shopify/Page/24736170054","downloads","Downloads","global","PI-DK104P50XG01","string","https://premio.blob.core.windows.net/premio/uploads/resource/PI-DK104P50XG01.pdf"
"gid://shopify/Page/24736170054","downloads","Downloads","global","PI-DK121P50XG01","string","https://premio.blob.core.windows.net/premio/uploads/resource/PI-DK121P50XG01.pdf"
"gid://shopify/Page/24736170054","downloads","Downloads","global","PI-DK121R50XG01","string","https://premio.blob.core.windows.net/premio/uploads/resource/PI-DK121R50XG01.pdf"
"gid://shopify/Page/24736170054","downloads","Downloads","global","PI-DK150P40XG01","string","https://premio.blob.core.windows.net/premio/uploads/resource/PI-DK150P40XG01.pdf"
"gid://shopify/Page/24736170054","downloads","Downloads","global","PI-DK150R40XG01","string","https://premio.blob.core.windows.net/premio/uploads/resource/PI-DK150R40XG01.pdf"
"gid://shopify/Page/24736170054","downloads","Downloads","global","PI-DK156P30HD01","string","https://premio.blob.core.windows.net/premio/uploads/resource/PI-DK156P30HD01.pdf"
"gid://shopify/Page/24736170054","downloads","Downloads","global","PI-DK156P40FH01","string","https://premio.blob.core.windows.net/premio/uploads/resource/PI-DK156P40FH01.pdf"
"gid://shopify/Page/24736170054","downloads","Downloads","global","PI-DK185P30HD01","string","https://premio.blob.core.windows.net/premio/uploads/resource/PI-DK185P30HD01.pdf"
"gid://shopify/Page/24736170054","downloads","Downloads","global","PI-DK185P35FH01","string","https://premio.blob.core.windows.net/premio/uploads/resource/PI-DK185P35FH01.pdf"
"gid://shopify/Page/24736170054","downloads","Downloads","global","PI-DK190P35SX01","string","https://premio.blob.core.windows.net/premio/uploads/resource/PI-DK190P35SX01.pdf"
"gid://shopify/Page/24736170054","downloads","Downloads","global","PI-DK190PK6SX01","string","https://premio.blob.core.windows.net/premio/uploads/resource/PI-DK190PK6SX01.pdf"
"gid://shopify/Page/24736170054","downloads","Downloads","global","PI-DK190R35SX01","string","https://premio.blob.core.windows.net/premio/uploads/resource/PI-DK190R35SX01.pdf"
"gid://shopify/Page/24736170054","downloads","Downloads","global","PI-DK215P30FH01","string","https://premio.blob.core.windows.net/premio/uploads/resource/PI-DK215P30FH01.pdf"
"gid://shopify/Page/24736170054","downloads","Downloads","global","PI-DK215R30FH01","string","https://premio.blob.core.windows.net/premio/uploads/resource/PI-DK215R30FH01.pdf"
"gid://shopify/Page/24736170054","downloads","Downloads","global","Tyan S8026GM2NRE","string","Tyan S8026GM2NRE, S8026_BMC, S8026_v100"
"gid://shopify/Page/24736170054","downloads","Downloads","global","DSS424S-UN-Quick-Guide-v1","string","https://premio.blob.core.windows.net/premio/uploads/2017/10/DSS424S-UN-Quick-Guide-v1.00.pdf"
"gid://shopify/Page/24736170054","downloads","Downloads","global","DSS424S-UN-AVL","string","https://echostreams.blob.core.windows.net/avl/DSS424S-UN%20AVL.pdf"
"gid://shopify/Page/24736170054","downloads","Downloads","global","DuraStreams-DSS424S-UN","string","https://premio.blob.core.windows.net/premio/uploads/2017/10/DuraStreams-DSS424S-UN.pdf"
"gid://shopify/Page/24736170054","downloads","Downloads","global","DSS316S-UN-AVL","string","https://premio.blob.core.windows.net/premio/uploads/2017/12/DSS212S-UN-DSS316S-UN-AVL.pdf"
"gid://shopify/Page/24736170054","downloads","Downloads","global","DuraStreams-DSS316S-UN","string","https://premio.blob.core.windows.net/premio/uploads/2017/10/DuraStreams-DSS316S-UN.pdf"
"gid://shopify/Page/24736170054","downloads","Downloads","global","DSS224S-UN-Quick-Guide-v1","string","https://premio.blob.core.windows.net/premio/uploads/2017/12/DSS224S-UN-Quick-Guide-v1.00.pdf"
"gid://shopify/Page/24736170054","downloads","Downloads","global","DSS224S-UN-AVL","string","https://echostreams.blob.core.windows.net/avl/DSS224S-UN-AVL.pdf"
"gid://shopify/Page/24736170054","downloads","Downloads","global","DuraStreams-DSS224S-UN","string","https://premio.blob.core.windows.net/premio/uploads/2017/10/DuraStreams-DSS224S-UN.pdf"
"gid://shopify/Page/24736170054","downloads","Downloads","global","DuraStreams_AMD_pb","string","https://premio.blob.core.windows.net/premio/uploads/2017/11/DuraStreams_AMD_ProductBrief_Premio.pdf"
"gid://shopify/Page/24736170054","downloads","Downloads","global","DSS212S-UN-Quick-Guide-v1","string","https://premio.blob.core.windows.net/premio/uploads/2017/12/DSS212S-UN-Quick-Guide-v1.00.pdf"
"gid://shopify/Page/24736170054","downloads","Downloads","global","DSS212SAVL","string","https://premio.blob.core.windows.net/premio/uploads/2017/12/DSS212S-UN-DSS316S-UN-AVL.pdf"
"gid://shopify/Page/24736170054","downloads","Downloads","global","DuraStreams-DSS212S-UN","string","https://premio.blob.core.windows.net/premio/uploads/2017/10/DuraStreams-DSS212S-UN.pdf"
"gid://shopify/Page/24736170054","downloads","Downloads","global","DSS424J-AVL","string","https://premio.blob.core.windows.net/premio/uploads/2017/08/Premio_DSS212J-S3-DSS316J-S3-DSS424J-S3-eDrawer4048J-S3-eDrawer4060J-S3-eDrawer4072J-S3.pdf"
"gid://shopify/Page/24736170054","downloads","Downloads","global","DSS424J-S3-Quick-Guide-v1","string","https://premio.blob.core.windows.net/premio/uploads/2017/08/Premio_DSS424J-S3-Quick-Guide-v1.40.pdf"
"gid://shopify/Page/24736170054","downloads","Downloads","global","DSS424J-S3","string","https://premio.blob.core.windows.net/premio/uploads/2017/05/DSS424J-S3.pdf"
"gid://shopify/Page/24736170054","downloads","Downloads","global","DSS316J-AVL","string","https://premio.blob.core.windows.net/premio/uploads/2017/08/Premio_DSS212J-S3-DSS316J-S3-DSS424J-S3-eDrawer4048J-S3-eDrawer4060J-S3-eDrawer4072J-S3.pdf"
"gid://shopify/Page/24736170054","downloads","Downloads","global","DSS316J-S3-Quick-Guide-v2","string","https://premio.blob.core.windows.net/premio/uploads/2017/11/Premio_DSS316J-S3-Quick-Guide-v2.00.pdf"
"gid://shopify/Page/24736170054","downloads","Downloads","global","DSS316J-S3","string","https://premio.blob.core.windows.net/premio/uploads/2017/05/DSS316J-S3.pdf"
"gid://shopify/Page/24736170054","downloads","Downloads","global","Premio_DSS248J-S3-AVL","string","https://premio.blob.core.windows.net/premio/uploads/2017/08/Premio_DSS248J-S3-AVL.pdf"
"gid://shopify/Page/24736170054","downloads","Downloads","global","DSS248J-S3","string","https://premio.blob.core.windows.net/premio/uploads/2017/05/DSS248J-S3.pdf"
"gid://shopify/Page/24736170054","downloads","Downloads","global","Premio_DSS224J-S3-AVL","string","https://premio.blob.core.windows.net/premio/uploads/2017/08/Premio_DSS224J-S3-AVL.pdf"
"gid://shopify/Page/24736170054","downloads","Downloads","global","DSS224J-S3-Quick-Guide-v1","string","https://premio.blob.core.windows.net/premio/uploads/2017/08/Premio_DSS224J-S3-Quick-Guide-v1.10.pdf"
"gid://shopify/Page/24736170054","downloads","Downloads","global","DSS224J-S3","string","https://premio.blob.core.windows.net/premio/uploads/2017/05/DSS224J-S3.pdf"
"gid://shopify/Page/24736170054","downloads","Downloads","global","DSS212J-AVL","string","https://premio.blob.core.windows.net/premio/uploads/2017/08/Premio_DSS212J-S3-DSS316J-S3-DSS424J-S3-eDrawer4048J-S3-eDrawer4060J-S3-eDrawer4072J-S3.pdf"
"gid://shopify/Page/24736170054","downloads","Downloads","global","DSS212J-S3-Quick-Guide-v1","string","https://premio.blob.core.windows.net/premio/uploads/2017/08/Premio_DSS212J-S3-Quick-Guide-v1.00.pdf"
"gid://shopify/Page/24736170054","downloads","Downloads","global","DSS212J-S3","string","https://premio.blob.core.windows.net/premio/uploads/2017/05/DSS212J-S3.pdf"
"gid://shopify/Page/24736170054","downloads","Downloads","global","eDrawer4096J-Quick-Guide-v2","string","https://premio.blob.core.windows.net/premio/uploads/2017/08/Premio_eDrawer4096J-Quick-Guide-v2.30.pdf"
"gid://shopify/Page/24736170054","downloads","Downloads","global","eDrawer4096J-S2","string","https://premio.blob.core.windows.net/premio/uploads/2017/06/eDrawer4096J-S2.pdf"
"gid://shopify/Page/24736170054","downloads","Downloads","global","eDrawer4072J-AVL","string","https://premio.blob.core.windows.net/premio/uploads/2017/08/Premio_DSS212J-S3-DSS316J-S3-DSS424J-S3-eDrawer4048J-S3-eDrawer4060J-S3-eDrawer4072J-S3.pdf"
"gid://shopify/Page/24736170054","downloads","Downloads","global","eDrawer4072J-Quick-Guide-v1","string","https://premio.blob.core.windows.net/premio/uploads/2017/08/Premio_eDrawer4072J-Quick-Guide-v1.00.pdf"
"gid://shopify/Page/24736170054","downloads","Downloads","global","eDrawer4072J-S3-1","string","https://premio.blob.core.windows.net/premio/uploads/2017/06/eDrawer4072J-S3-1.pdf"
"gid://shopify/Page/24736170054","downloads","Downloads","global","eDrawer4060J-AVL","string","https://premio.blob.core.windows.net/premio/uploads/2017/08/Premio_DSS212J-S3-DSS316J-S3-DSS424J-S3-eDrawer4048J-S3-eDrawer4060J-S3-eDrawer4072J-S3.pdf"
"gid://shopify/Page/24736170054","downloads","Downloads","global","eDrawer4060J-S3-Quick-Guide-v1","string","https://premio.blob.core.windows.net/premio/uploads/2017/08/Premio_eDrawer4060J-S3-Quick-Guide-v1.10.pdf"
"gid://shopify/Page/24736170054","downloads","Downloads","global","eDrawer4060J-S3","string","https://premio.blob.core.windows.net/premio/uploads/2017/05/eDrawer4060J-S3.pdf"
"gid://shopify/Page/24736170054","downloads","Downloads","global","eDrawer4048J-AVL","string","https://premio.blob.core.windows.net/premio/uploads/2017/08/Premio_DSS212J-S3-DSS316J-S3-DSS424J-S3-eDrawer4048J-S3-eDrawer4060J-S3-eDrawer4072J-S3.pdf"
"gid://shopify/Page/24736170054","downloads","Downloads","global","eDrawer4048J-S3-Quick-Guide-v1","string","https://premio.blob.core.windows.net/premio/uploads/2017/08/Premio_eDrawer4048J-S3-Quick-Guide-v1.00.pdf"
"gid://shopify/Page/24736170054","downloads","Downloads","global","eDrawer4048J-S3","string","https://premio.blob.core.windows.net/premio/uploads/2017/06/eDrawer4048J-S3.pdf"
"gid://shopify/Page/24736170054","downloads","Downloads","global","eDrawer4060S-D5-AVL","string","https://echostreams.blob.core.windows.net/avl/eDrawer4060S-D5%20AVL.pdf"
"gid://shopify/Page/24736170054","downloads","Downloads","global","ScaleStreams_Intel_pb","string","https://premio.blob.core.windows.net/premio/uploads/2017/11/ScaleStreams_Intel_ProductBrief_Premio.pdf"
"gid://shopify/Page/24736170054","downloads","Downloads","global","eDrawer4060S-D5-premio","string","https://premio.blob.core.windows.net/premio/uploads/2017/08/eDrawer4060S-D5-premio.pdf"
"gid://shopify/Page/24736170054","downloads","Downloads","global","eDrawer4048S-D5-AVL","string","https://echostreams.blob.core.windows.net/avl/eDrawer4048S-D5%20AVL.pdf"
"gid://shopify/Page/24736170054","downloads","Downloads","global","eDrawer4048S-D5-Quick-Guide-v1","string","https://premio.blob.core.windows.net/premio/uploads/2017/09/eDrawer4048S-D5-Quick-Guide-v1.00.pdf"
"gid://shopify/Page/24736170054","downloads","Downloads","global","ScaleStreams-eDrawer-4048S-D5","string","https://premio.blob.core.windows.net/premio/uploads/2017/08/Premio-ScaleStreams-eDrawer-4048S-D5.pdf"
"gid://shopify/Page/24736170054","downloads","Downloads","global","OSS424-D5-Quick-Guide-v1","string","https://premio.blob.core.windows.net/premio/uploads/2017/09/OSS424-D5-Quick-Guide-v1.00.pdf"
"gid://shopify/Page/24736170054","downloads","Downloads","global","Premio-OmniStreams-OSS424-D5","string","https://premio.blob.core.windows.net/premio/uploads/2017/08/Premio-OmniStreams-OSS424-D5.pdf"
"gid://shopify/Page/24736170054","downloads","Downloads","global","OSS316-D5-Quick-Guide-v1","string","https://premio.blob.core.windows.net/premio/uploads/2017/09/OSS316-D5-Quick-Guide-v1.00.pdf"
"gid://shopify/Page/24736170054","downloads","Downloads","global","Premio-OmniStreams-OSS316-D5","string","https://premio.blob.core.windows.net/premio/uploads/2017/08/Premio-OmniStreams-OSS316-D5.pdf"
"gid://shopify/Page/24736170054","downloads","Downloads","global","OmniStreams_Intel_pb","string","https://premio.blob.core.windows.net/premio/uploads/2017/11/OmniStreams_Intel_ProductBrief_Premio.pdf"
"gid://shopify/Page/24736170054","downloads","Downloads","global","OSS224-D5-AVL","string","https://echostreams.blob.core.windows.net/avl/OSS224-D5%20AVL.pdf"
"gid://shopify/Page/24736170054","downloads","Downloads","global","OSS224-D5-Quick-Guide-v1","string","https://premio.blob.core.windows.net/premio/uploads/2017/09/OSS224-D5-Quick-Guide-v1.00.pdf"
"gid://shopify/Page/24736170054","downloads","Downloads","global","OmniStreams-OSS224-D5","string","https://premio.blob.core.windows.net/premio/uploads/2017/09/OmniStreams-OSS224-D5.pdf"
"gid://shopify/Page/24736170054","downloads","Downloads","global","OSS212F-D5-AVL","string","https://echostreams.blob.core.windows.net/avl/OSS212F-D5-AVL.pdf"
"gid://shopify/Page/24736170054","downloads","Downloads","global","OSS212F-D5-Quick-Guide-v1","string","https://premio.blob.core.windows.net/premio/uploads/2017/09/OSS212F-D5-Quick-Guide-v1.00.pdf"
"gid://shopify/Page/24736170054","downloads","Downloads","global","OSS212F-D5-Full-Height","string","https://premio.blob.core.windows.net/premio/uploads/2017/12/OmniStreams-OSS212F-D5-Full-Height.pdf"
"gid://shopify/Page/24736170054","downloads","Downloads","global","OSS212L-316-424-D5-AVL","string","https://echostreams.blob.core.windows.net/avl/OSS212L-D5%20OSS316-D5%20OSS424-D5%20AVL.pdf"
"gid://shopify/Page/24736170054","downloads","Downloads","global","OSS212L-D5-Quick-Guide-v1","string","https://premio.blob.core.windows.net/premio/uploads/2017/09/OSS212L-D5-Quick-Guide-v1.00.pdf"
"gid://shopify/Page/24736170054","downloads","Downloads","global","OSS212L-D5-Low-Profile","string","https://premio.blob.core.windows.net/premio/uploads/2017/09/OmniStreams-OSS212L-D5-Low-Profile.pdf"
"gid://shopify/Page/24736170054","downloads","Downloads","global","OSS1A4-D5-AVL","string","https://echostreams.blob.core.windows.net/avl/OSS1A4-D5%20AVL.pdf"
"gid://shopify/Page/24736170054","downloads","Downloads","global","OSS1A4-D5-Quick-Guide-v1","string","https://premio.blob.core.windows.net/premio/uploads/2017/09/OSS1A4-D5-Quick-Guide-v1.00.pdf"
"gid://shopify/Page/24736170054","downloads","Downloads","global","OmniStreams-OSS1A4-D5","string","https://premio.blob.core.windows.net/premio/uploads/2017/09/OmniStreams-OSS1A4-D5.pdf"
"gid://shopify/Page/24736170054","downloads","Downloads","global","DSS424SF-D5-Quick-Guide-v1","string","https://premio.blob.core.windows.net/premio/uploads/2017/09/DSS424SF-D5-Quick-Guide-v1.00.pdf"
"gid://shopify/Page/24736170054","downloads","Downloads","global","DSS424S-D5-AVL","string","https://echostreams.blob.core.windows.net/avl/DSS424S-D5%20AVL.pdf"
"gid://shopify/Page/24736170054","downloads","Downloads","global","DSS424S-D5","string","https://echostreams.blob.core.windows.net/datasheet/DSS424S-D5.pdf"
"gid://shopify/Page/24736170054","downloads","Downloads","global","DSS316S-D5-Quick-Guide-v1","string","https://premio.blob.core.windows.net/premio/uploads/2017/12/DSS316S-D5-Quick-Guide-v1.00.pdf"
"gid://shopify/Page/24736170054","downloads","Downloads","global","DSS212S-D5-DSS316S-D5-AVL","string","https://echostreams.blob.core.windows.net/avl/DSS212S-D5%20DSS316S-D5%20AVL.pdf"
"gid://shopify/Page/24736170054","downloads","Downloads","global","DuraStreams-DSS316S-D5","string","https://premio.blob.core.windows.net/premio/uploads/2017/08/DuraStreams-DSS316S-D5.pdf"
"gid://shopify/Page/24736170054","downloads","Downloads","global","DSS224S-D5-AVL","string","https://echostreams.blob.core.windows.net/avl/DSS224S-D5%20AVL.pdf"
"gid://shopify/Page/24736170054","downloads","Downloads","global","DSS224S-D5-Quick-Guide-v1","string","https://premio.blob.core.windows.net/premio/uploads/2017/12/DSS224S-D5-Quick-Guide-v1.00.pdf"
"gid://shopify/Page/24736170054","downloads","Downloads","global","DuraStreams-DSS224S-D5","string","https://premio.blob.core.windows.net/premio/uploads/2017/08/DuraStreams-DSS224S-D5.pdf"
"gid://shopify/Page/24736170054","downloads","Downloads","global","DSS212S-D5-Quick-Guide-v1","string","https://premio.blob.core.windows.net/premio/uploads/2017/12/DSS212S-D5-Quick-Guide-v1.00.pdf"
"gid://shopify/Page/24736170054","downloads","Downloads","global","DuraStreams-DSS212S-D5","string","https://premio.blob.core.windows.net/premio/uploads/2017/08/DuraStreams-DSS212S-D5.pdf"
"gid://shopify/Page/24736170054","downloads","Downloads","global","DuraStreams_Intel_pb","string","https://premio.blob.core.windows.net/premio/uploads/2017/11/DuraStreams_Intel_ProductBrief_Premio.pdf"
"gid://shopify/Page/24736170054","downloads","Downloads","global","DSS212S-U5-AVL","string","https://echostreams.blob.core.windows.net/avl/DSS212S-U5%20AVL.pdf"
"gid://shopify/Page/24736170054","downloads","Downloads","global","DuraStreams-DSS212S-U5","string","https://premio.blob.core.windows.net/premio/uploads/2017/08/DuraStreams-DSS212S-U5.pdf"
"gid://shopify/Page/24736170054","downloads","Downloads","global","qg-FlacheSAN2N12C-D5","string","https://premio.blob.core.windows.net/premio/uploads/2017/12/FlacheSAN2N12C-D5-Quick-Guide-v1.00.pdf"
"gid://shopify/Page/24736170054","downloads","Downloads","global","FlacheSAN2N12C-D5-AVL","string","https://echostreams.blob.core.windows.net/avl/FlacheSAN2N12C-D5%20AVL.pdf"
"gid://shopify/Page/24736170054","downloads","Downloads","global","qg-FlacheSAN2N24U-D5","string","https://premio.blob.core.windows.net/premio/uploads/2017/12/FlacheSAN2N24U-D5-Quick-Guide-v1.00.pdf"
"gid://shopify/Page/24736170054","downloads","Downloads","global","FlacheSAN2N24U-D5-AVL","string","https://echostreams.blob.core.windows.net/avl/FlacheSAN2N24U-D5%20AVL.pdf"
"gid://shopify/Page/24736170054","downloads","Downloads","global","FlacheSAN2V-U5-AVL","string","https://echostreams.blob.core.windows.net/avl/FlacheSAN2V-U5%20AVL.pdf"
"gid://shopify/Page/24736170054","downloads","Downloads","global","FlacheSAN2V-D5-Quick-Guide","string","https://premio.blob.core.windows.net/premio/uploads/2017/09/FlacheSAN2V-D5-Quick-Guide-v1.00.pdf"
"gid://shopify/Page/24736170054","downloads","Downloads","global","FlacheSAN2V-D5-AVL","string","https://echostreams.blob.core.windows.net/avl/FlacheSAN2V-D5%20AVL.pdf"
"gid://shopify/Page/24736170054","downloads","Downloads","global","FlacheSAN2-D5-Quick-Guide","string","https://premio.blob.core.windows.net/premio/uploads/2017/09/FlacheSAN2-D5-Quick-Guide-v1.00.pdf"
"gid://shopify/Page/24736170054","downloads","Downloads","global","FlacheSAN2-D5-AVL","string","https://echostreams.blob.core.windows.net/avl/FlacheSAN2-D5%20AVL.pdf"
"gid://shopify/Page/24736170054","downloads","Downloads","global","UM-VCO-6000_V1.1","string","https://premio.blob.core.windows.net/premio/uploads/resource/UM-VCO-6000_V1.1.pdf"
"gid://shopify/Page/24736170054","downloads","Downloads","global","UM-Generic_VIO-100-200PC300","string","https://premio.blob.core.windows.net/premio/uploads/resource/UM-Generic_VIO-100-200PC300_V1.2.pdf"
"gid://shopify/Page/24736170054","downloads","Downloads","global","UM-Generic_RCO-6000_V1.4","string","https://premio.blob.core.windows.net/premio/uploads/resource/UM-Generic_RCO-6000_V1.4.pdf"
"gid://shopify/Page/24736170054","downloads","Downloads","global","UM-Generic_RCO-3000_V1.2","string","https://premio.blob.core.windows.net/premio/uploads/resource/UM-Generic_RCO-3000_V1.2.pdf"
"gid://shopify/Page/24736170054","downloads","Downloads","global","UM-Generic_RCO-1000_V1.2","string","https://premio.blob.core.windows.net/premio/uploads/resource/UM-Generic_RCO-1000_V1.2.pdf"
"gid://shopify/Page/24736170054","downloads","Downloads","global","UM-Generic_ACO-6000_V1.3","string","https://premio.blob.core.windows.net/premio/uploads/resource/UM-Generic_ACO-6000_V1.3.pdf"
"gid://shopify/Page/24736170054","downloads","Downloads","global","UM-Generic_ACO-3000_V1.4","string","https://premio.blob.core.windows.net/premio/uploads/resource/UM-Generic_ACO-3000_V1.4.pdf"
"gid://shopify/Page/24736170054","downloads","Downloads","global","UM-BCO-1000_V1.1","string","https://premio.blob.core.windows.net/premio/uploads/resource/UM-BCO-1000_V1.1.pdf"
"gid://shopify/Page/24736170054","downloads","Downloads","global","Premio_DS_VCO-6000-Series","string","https://premio.blob.core.windows.net/premio/uploads/resource/Premio_DS_VCO-6000-Series.pdf"
"gid://shopify/Page/24736170054","downloads","Downloads","global","PI-DK070R50WV01","string","https://premio.blob.core.windows.net/premio/uploads/resource/PI-DK070R50WV01.pdf"
"gid://shopify/Page/24736170054","downloads","Downloads","global","PI-DK070P50WV01","string","https://premio.blob.core.windows.net/premio/uploads/resource/PI-DK070P50WV01.pdf"
"gid://shopify/Page/24736170054","downloads","Downloads","global","PI-DK070_ds_v3-1","string","https://premio.blob.core.windows.net/premio/uploads/resource/PI-DK070_ds_v3-1.pdf"
"gid://shopify/Page/24736170054","downloads","Downloads","global","FlacheStreams_Intel_pb","string","https://premio.blob.core.windows.net/premio/uploads/resource/FlacheStreams_Intel_ProductBrief_Premio.pdf"
"gid://shopify/Page/24736170054","downloads","Downloads","global","FlacheSAN1L-U5-AVL","string","https://echostreams.blob.core.windows.net/avl/FlacheSAN1L-U5%20AVL.pdf"
"gid://shopify/Page/24736170054","downloads","Downloads","global","FlacheSAN1L-D5-Quick-Guide","string","https://premio.blob.core.windows.net/premio/uploads/resource/FlacheSAN1L-D5-Quick-Guide-v1.00.pdf"
"gid://shopify/Page/24736170054","downloads","Downloads","global","FlacheSAN1L-D5-AVL","string","https://echostreams.blob.core.windows.net/avl/FlacheSAN1L-D5%20AVL.pdf"
"gid://shopify/Page/24736170054","downloads","Downloads","global","ds_Premio_RCO-6000_Series","string","https://premio.blob.core.windows.net/premio/uploads/resource/ds_Premio_RCO-6000_Series_170213.pdf"
"gid://shopify/Page/24736170054","downloads","Downloads","global","ds_Premio_RCO-3000_Series","string","https://premio.blob.core.windows.net/premio/uploads/resource/ds_Premio_RCO-3000_Series_130213.pdf"
"gid://shopify/Page/24736170054","downloads","Downloads","global","ds_Premio_RCO-1000_Series","string","https://premio.blob.core.windows.net/premio/uploads/resource/ds_Premio_RCO-1000_Series_170220.pdf"
"gid://shopify/Page/24736170054","downloads","Downloads","global","DS_Premio_BCO-1000-Series","string","https://premio.blob.core.windows.net/premio/uploads/resource/DS_Premio_BCO-1000-Series.pdf"
"gid://shopify/Page/24736170054","downloads","Downloads","global","ds_Premio_ACO-6000-Series","string","https://premio.blob.core.windows.net/premio/uploads/resource/ds_Premio_ACO-6000-Series.pdf"
"gid://shopify/Page/24736170054","downloads","Downloads","global","ds_Premio_ACO-3000","string","https://premio.blob.core.windows.net/premio/uploads/resource/ds_Premio_ACO-3000.pdf"
"gid://shopify/Page/24736170054","downloads","Downloads","global","ds_Premio-VIO-200x-Panel-PC","string","https://premio.blob.core.windows.net/premio/uploads/resource/ds_Premio-VIO-200x-Panel-PC.pdf"
"gid://shopify/Page/24736170054","downloads","Downloads","global","X11SPL7_518","string","https://premio.blob.core.windows.net/premio/uploads/delightful-downloads/2017/12/X11SPL7_518.zip"
"gid://shopify/Page/24736170054","downloads","Downloads","global","SMT_X11AST2500_121","string","https://premio.blob.core.windows.net/premio/uploads/delightful-downloads/2017/12/SMT_X11AST2500_121.zip"
"gid://shopify/Page/24736170054","downloads","Downloads","global","server_firmware_ast2500","string","https://premio.blob.core.windows.net/premio/uploads/delightful-downloads/2017/10/server_firmware_ast2500.zip"
"gid://shopify/Page/24736170054","downloads","Downloads","global","S8026_v100","string","https://premio.blob.core.windows.net/premio/uploads/delightful-downloads/2017/10/S8026_v100.zip"
"gid://shopify/Page/24736170054","downloads","Downloads","global","S8026_BMC","string","https://premio.blob.core.windows.net/premio/uploads/delightful-downloads/2017/10/S8026_BMC.zip"
"gid://shopify/Page/24736170054","downloads","Downloads","global","MZ31-AR0_F02-Premio","string","https://premio.blob.core.windows.net/premio/uploads/delightful-downloads/2017/10/MZ31-AR0_F02-Premio.zip"
"gid://shopify/Page/24736170054","downloads","Downloads","global","X11DPLI_7_703","string","https://premio.blob.core.windows.net/premio/uploads/delightful-downloads/2017/09/X11DPLI_7_703.zip"
"gid://shopify/Page/24736170054","downloads","Downloads","global","SMT_X11IPMI_102","string","https://premio.blob.core.windows.net/premio/uploads/delightful-downloads/2017/09/SMT_X11IPMI_102.zip"
"gid://shopify/Page/24736170054","downloads","Downloads","global","SMT_X11AST2500_122","string","https://premio.blob.core.windows.net/premio/uploads/delightful-downloads/2017/09/SMT_X11AST2500_122.zip"
"gid://shopify/Page/24736170054","downloads","Downloads","global","sas3xfw_H48R-8XI2X-fw","string","https://premio.blob.core.windows.net/premio/uploads/delightful-downloads/2017/09/sas3xfw_H48R-8XI2X_V5_0005_2015_0610-Firmware.zip"
"gid://shopify/Page/24736170054","downloads","Downloads","global","sas3xfw_h24s3x-fw","string","https://premio.blob.core.windows.net/premio/uploads/delightful-downloads/2017/09/sas3xfw_h24s3x_v0501_0926-Firmware.zip"
"gid://shopify/Page/24736170054","downloads","Downloads","global","S7106GM2NR_v101","string","https://premio.blob.core.windows.net/premio/uploads/delightful-downloads/2017/09/S7106GM2NR_v101.zip"
"gid://shopify/Page/24736170054","downloads","Downloads","global","S7106GM2NR-L2_v201","string","https://premio.blob.core.windows.net/premio/uploads/delightful-downloads/2017/09/S7106GM2NR-L2_v201.zip"
"gid://shopify/Page/24736170054","downloads","Downloads","global","S7106GM2NR-L2-BMC_v100","string","https://premio.blob.core.windows.net/premio/uploads/delightful-downloads/2017/09/S7106GM2NR-L2-BMC_v100.zip"
"gid://shopify/Page/24736170054","downloads","Downloads","global","S7106GM2NR-BMC_v100","string","https://premio.blob.core.windows.net/premio/uploads/delightful-downloads/2017/09/S7106GM2NR-BMC_v100.zip"
"gid://shopify/Page/24736170054","downloads","Downloads","global","S7100GM2NR_v100","string","https://premio.blob.core.windows.net/premio/uploads/delightful-downloads/2017/09/S7100GM2NR_v100.zip"
"gid://shopify/Page/24736170054","downloads","Downloads","global","S7100GM2NR-BMC_v100","string","https://premio.blob.core.windows.net/premio/uploads/delightful-downloads/2017/09/S7100GM2NR-BMC_v100.zip"
"gid://shopify/Page/24736170054","downloads","Downloads","global","msas3_H48R-8XI2X_2AKAA-mfg","string","https://premio.blob.core.windows.net/premio/uploads/delightful-downloads/2017/09/msas3_H48R-8XI2X_2AKAA_V5_0001_2015_0610-MFG-File.zip"
"gid://shopify/Page/24736170054","downloads","Downloads","global","msas3_h24s3x_1u20nc-mfg","string","https://premio.blob.core.windows.net/premio/uploads/delightful-downloads/2017/09/msas3_h24s3x_1u20nc_05_v0001-MFG-File.zip"
"gid://shopify/Page/24736170054","downloads","Downloads","global","BIOSBMC-PREMIO-LOGO","string","https://premio.blob.core.windows.net/premio/uploads/delightful-downloads/2017/09/BIOSBMC-PREMIO-LOGO.zip"
"gid://shopify/Page/24736170054","downloads","Downloads","global","1RO1A-msas3_h24s3x_1u20nc-mfg","string","https://premio.blob.core.windows.net/premio/uploads/delightful-downloads/2017/09/1RO1A-msas3_h24s3x_1u20nc_05_v0001-MFG-File.zip"
"gid://shopify/Page/24736170054","downloads","Downloads","global","Tyan-S7076-BIOS","string","https://premio.blob.core.windows.net/premio/uploads/delightful-downloads/2017/08/Tyan-S7076-BIOS.zip"
"gid://shopify/Page/24736170054","downloads","Downloads","global","sas3xfw_H80-4X_4ABAA-fw","string","https://premio.blob.core.windows.net/premio/uploads/delightful-downloads/2017/08/sas3xfw_H80-4X_4ABAA_V8_0301_2015_0923-Firmware.zip"
"gid://shopify/Page/24736170054","downloads","Downloads","global","sas3xfw_H60R-8X2_4CD1C-fw","string","https://premio.blob.core.windows.net/premio/uploads/delightful-downloads/2017/08/sas3xfw_H60R-8X2_4CD1C_vA_0204_2017_0217-Firmware.zip"
"gid://shopify/Page/24736170054","downloads","Downloads","global","sas3xfw_H24R-3XFirmware","string","https://premio.blob.core.windows.net/premio/uploads/delightful-downloads/2017/08/sas3xfw_H24R-3X_vC205_2017_0308-Firmware.zip"
"gid://shopify/Page/24736170054","downloads","Downloads","global","sas3xfw_H24R-3XFirmware-2","string","https://premio.blob.core.windows.net/premio/uploads/delightful-downloads/2017/08/sas3xfw_H24R-3X_vC205_2017_0308-Firmware-2.zip"
"gid://shopify/Page/24736170054","downloads","Downloads","global","sas3xfw_H24R-3XFirmware-1","string","https://premio.blob.core.windows.net/premio/uploads/delightful-downloads/2017/08/sas3xfw_H24R-3X_vC205_2017_0308-Firmware-1.zip"
"gid://shopify/Page/24736170054","downloads","Downloads","global","sas3-MFG-File","string","https://premio.blob.core.windows.net/premio/uploads/delightful-downloads/2017/08/sas3_mfg_vC_0001_2016_1014-MFG-File.zip"
"gid://shopify/Page/24736170054","downloads","Downloads","global","sas3-MFG-File-2","string","https://premio.blob.core.windows.net/premio/uploads/delightful-downloads/2017/08/sas3_mfg_vC_0001_2016_1014-MFG-File-2.zip"
"gid://shopify/Page/24736170054","downloads","Downloads","global","sas3-MFG-File-1","string","https://premio.blob.core.windows.net/premio/uploads/delightful-downloads/2017/08/sas3_mfg_vC_0001_2016_1014-MFG-File-1.zip"
"gid://shopify/Page/24736170054","downloads","Downloads","global","S2600WT-BIOS","string","https://premio.blob.core.windows.net/premio/uploads/delightful-downloads/2017/08/S2600WT-BIOS.zip"
"gid://shopify/Page/24736170054","downloads","Downloads","global","PI-NF215","string","https://premio.blob.core.windows.net/premio/uploads/delightful-downloads/2017/08/PI-NF215.pdf"
"gid://shopify/Page/24736170054","downloads","Downloads","global","msas3_H80-4X_4ABAA-MFG-File","string","https://premio.blob.core.windows.net/premio/uploads/delightful-downloads/2017/08/msas3_H80-4X_4ABAA_V8_0002_2016_0413_fan10200-MFG-File.zip"
"gid://shopify/Page/24736170054","downloads","Downloads","global","msas3_H60R-8X2_4CD1C-MFG-File","string","https://premio.blob.core.windows.net/premio/uploads/delightful-downloads/2017/08/msas3_H60R-8X2_4CD1C_vA_0004_2017_0217-MFG-File.zip"
"gid://shopify/Page/24736170054","downloads","Downloads","global","mfgsas3x36R-MFG-File","string","https://premio.blob.core.windows.net/premio/uploads/delightful-downloads/2017/08/mfgsas3x36R-1.0.2-170221-MFG-File.zip"
"gid://shopify/Page/24736170054","downloads","Downloads","global","MFG-v01.24-MFG-File","string","https://premio.blob.core.windows.net/premio/uploads/delightful-downloads/2017/08/MFG-v01.24-MFG-File.zip"
"gid://shopify/Page/24736170054","downloads","Downloads","global","JNM-2.0.5-BIOS","string","https://premio.blob.core.windows.net/premio/uploads/delightful-downloads/2017/08/JNM-2.0.5-BIOS.zip"
"gid://shopify/Page/24736170054","downloads","Downloads","global","fwsas3x36-Firmware","string","https://premio.blob.core.windows.net/premio/uploads/delightful-downloads/2017/08/fwsas3x36R-1.0.0-160805-Firmware.zip"
"gid://shopify/Page/24736170054","downloads","Downloads","global","fwsas3x36-Firmware-3","string","https://premio.blob.core.windows.net/premio/uploads/delightful-downloads/2017/08/fwsas3x36R-1.0.0-160805-Firmware-3.zip"
"gid://shopify/Page/24736170054","downloads","Downloads","global","fwsas3x36-Firmware-2","string","https://premio.blob.core.windows.net/premio/uploads/delightful-downloads/2017/08/fwsas3x36R-1.0.0-160805-Firmware-2.zip"
"gid://shopify/Page/24736170054","downloads","Downloads","global","fwsas3x36-Firmware-1","string","https://premio.blob.core.windows.net/premio/uploads/delightful-downloads/2017/08/fwsas3x36R-1.0.0-160805-Firmware-1.zip"
"gid://shopify/Page/24736170054","downloads","Downloads","global","EP2C612D16SM-BIOS","string","https://premio.blob.core.windows.net/premio/uploads/delightful-downloads/2017/08/EP2C612D16SM-BIOS.zip"
"gid://shopify/Page/24736170054","downloads","Downloads","global","EP2C612D16NM-8R-BIOS","string","https://premio.blob.core.windows.net/premio/uploads/delightful-downloads/2017/08/EP2C612D16NM-8R-BIOS.zip"
"gid://shopify/Page/24736170054","downloads","Downloads","global","EP2C612D16NM-2T8R-BIOS","string","https://premio.blob.core.windows.net/premio/uploads/delightful-downloads/2017/08/EP2C612D16NM-2T8R-BIOS.zip"
"gid://shopify/Page/24736170054","downloads","Downloads","global","EP2C612D16FM-BIOS","string","https://premio.blob.core.windows.net/premio/uploads/delightful-downloads/2017/08/EP2C612D16FM-BIOS.zip"
"gid://shopify/Page/24736170054","downloads","Downloads","global","eDrasw4872-Beta2","string","https://premio.blob.core.windows.net/premio/uploads/delightful-downloads/2017/08/eDrasw4872-Beta2r00.12.02.251-Firmware.zip"
"gid://shopify/Page/24736170054","downloads","Downloads","global","DSS224S-D5-premio","string","https://premio.blob.core.windows.net/premio/uploads/delightful-downloads/2017/08/DSS224S-D5-premio.pdf"
"gid://shopify/Page/24736170054","downloads","Downloads","global","Asrock-EP2C612D16NM-8R-BIOS","string","https://premio.blob.core.windows.net/premio/uploads/delightful-downloads/2017/08/Asrock-EP2C612D16NM-8R-BIOS.zip"
"gid://shopify/Page/24736170054","downloads","Downloads","global","Asrock-EP2C612D16C-4L-BIOS","string","https://premio.blob.core.windows.net/premio/uploads/delightful-downloads/2017/08/Asrock-EP2C612D16C-4L-BIOS.zip"
"gid://shopify/Page/24736170054","downloads","Downloads","global","4U96-rel-R0.1.13.16-Firmware","string","https://premio.blob.core.windows.net/premio/uploads/delightful-downloads/2017/08/4U96-rel-R0.1.13.16-Firmware.zip"
"gid://shopify/Page/24736170054","downloads","Downloads","global","1RO2-msas3_H24-3X_1RO2A_20s","string","https://premio.blob.core.windows.net/premio/uploads/delightful-downloads/2017/08/1RO2-msas3_H24-3X_1RO2A_20s_V5_0003_2017_0505-MFG-File.zip"
"gid://shopify/Page/24736170054","downloads","Downloads","global","1RO1A-sas3xfw_h24s3x","string","https://premio.blob.core.windows.net/premio/uploads/delightful-downloads/2017/08/1RO1A-sas3xfw_h24s3x_v0501_0926-Firmware.zip"
"gid://shopify/Page/24736170054","downloads","Downloads","global","01.01.0009-BIOS","string","https://premio.blob.core.windows.net/premio/uploads/delightful-downloads/2017/08/01.01.0009-BIOS.zip"
"gid://shopify/Page/24736170054","downloads","Downloads","global","H72R-6X_4WL1A-Beta7","string","https://premio.blob.core.windows.net/premio/uploads/delightful-downloads/2017/08/H72R-6X_4WL1A-Beta7-r00.12.02.255-Firmware.zip"
"gid://shopify/Page/24736170054","downloads","Downloads","global","eDrasw48&72-Beta2","string","https://premio.blob.core.windows.net/premio/uploads/delightful-downloads/2017/08/eDrasw4872-Beta2r00.12.02.251-Firmware.zip"
"gid://shopify/Page/24736170054","downloads","Downloads","global","Firmware Gigabyte MZ31-AR0","string","https://premio.blob.core.windows.net/premio/uploads/delightful-downloads/2017/10/server_firmware_ast2500.zip"
"gid://shopify/Page/24736170054","downloads","Downloads","global","BIOS Gigabyte MZ31-AR0","string","https://premio.blob.core.windows.net/premio/uploads/delightful-downloads/2017/10/MZ31-AR0_F02-Premio.zip"
"gid://shopify/Page/24736170054","downloads","Downloads","global","Intel S2600WF0","string","https://premio.blob.core.windows.net/premio/uploads/delightful-downloads/2017/09/BIOSBMC-PREMIO-LOGO.zip"
"gid://shopify/Page/24736170054","downloads","Downloads","global","Tyan S7100GM2NR","string","Tyan S7100GM2NR, S7100GM2NR_v100, S7100GM2NR-BMC_v100"
"gid://shopify/Page/24736170054","downloads","Downloads","global","X11SPW7_606","string","https://premio.blob.core.windows.net/premio/uploads/delightful-downloads/2017/09/X11SPW7_606.zip"
"gid://shopify/Page/24736170054","downloads","Downloads","global","Tyan S7106GM2NR-L2","string","Tyan S7106GM2NR-L2, S7106GM2NR-L2_v201, S7106GM2NR-L2-BMC_v100"
"gid://shopify/Page/24736170054","downloads","Downloads","global","DSS212S-D5-QG","string","https://echostreams.blob.core.windows.net/install-guide/DSS212S-D5%20Quick%20Guide%20v1.00.pdf"
"gid://shopify/Page/24736170054","downloads","Downloads","global","OSS224-UN-AVL","string","https://echostreams.blob.core.windows.net/avl/OSS224-UN%20AVL.pdf"
"gid://shopify/Page/24736170054","downloads","Downloads","global","OSS1A4-UN-AVL","string","https://echostreams.blob.core.windows.net/avl/OSS1A4-UN%20AVL.pdf"
"gid://shopify/Page/24736170054","downloads","Downloads","global","OSS212L-316-424-UN-AVL","string","https://echostreams.blob.core.windows.net/avl/OSS212L-UN%20OSS316-UN%20OSS424-UN%20AVL.pdf"
"gid://shopify/Page/24736170054","downloads","Downloads","global","OSS212F-UN-AVL","string","https://echostreams.blob.core.windows.net/avl/OSS212F-UN-AVL.pdf"
"gid://shopify/Page/24736170054","downloads","Downloads","global","FlacheSAN2V-UN-AVL","string","https://echostreams.blob.core.windows.net/avl/FlacheSAN2V-UN%20AVL.pdf"
"gid://shopify/Page/24736170054","downloads","Downloads","global","FlacheSAN1N10U-20U-UN-AVL","string","https://echostreams.blob.core.windows.net/avl/FlacheSAN1N10U-UN%20FlacheSAN1N20U-UN%20AVL.pdf"
"gid://shopify/Page/24736170054","downloads","Downloads","global","FlacheSAN1L-UN-AVL","string","https://echostreams.blob.core.windows.net/avl/FlacheSAN1L-UN%20AVL.pdf"
"gid://shopify/Page/24736170054","downloads","Downloads","global","eDrawer4048S-UN-AVL","string","https://echostreams.blob.core.windows.net/avl/eDrawer4048S-UN%20AVL.pdf"
"gid://shopify/Page/24736170054","downloads","Downloads","global","DSS212S-UN-DSS316S-UN-AVL","string","https://echostreams.blob.core.windows.net/avl/DSS212S-UN%20DSS316S-UN%20AVL.pdf"
"gid://shopify/Page/24736170054","downloads","Downloads","global","DS-eDrawer-4060S-UN","string","https://echostreams.blob.core.windows.net/datasheet/ScaleStreams%20eDrawer%204060S-UN.pdf"
"gid://shopify/Page/24736170054","downloads","Downloads","global","DS-eDrawer-4048S-UN","string","https://echostreams.blob.core.windows.net/datasheet/ScaleStreams%20eDrawer%204048S-UN.pdf"
"gid://shopify/Page/24736170054","downloads","Downloads","global","DS-OSS424-UN","string","https://echostreams.blob.core.windows.net/datasheet/OmniStreams%20OSS424-UN.pdf"
"gid://shopify/Page/24736170054","downloads","Downloads","global","DS-OSS424-D5","string","https://echostreams.blob.core.windows.net/datasheet/OmniStreams%20OSS424-D5.pdf"
"gid://shopify/Page/24736170054","downloads","Downloads","global","DS-OSS316-UN","string","https://echostreams.blob.core.windows.net/datasheet/OmniStreams%20OSS316-UN.pdf"
"gid://shopify/Page/24736170054","downloads","Downloads","global","DS-OSS316-D5","string","https://echostreams.blob.core.windows.net/datasheet/OmniStreams%20OSS316-D5.pdf"
"gid://shopify/Page/24736170054","downloads","Downloads","global","DS-OSS224-UN","string","https://echostreams.blob.core.windows.net/datasheet/OmniStreams%20OSS224-UN.pdf"
"gid://shopify/Page/24736170054","downloads","Downloads","global","DS-OSS224-D5","string","https://echostreams.blob.core.windows.net/datasheet/OmniStreams%20OSS224-D5.pdf"
"gid://shopify/Page/24736170054","downloads","Downloads","global","DS-OSS212L-UN","string","https://echostreams.blob.core.windows.net/datasheet/OmniStreams%20OSS212L-UN.pdf"
"gid://shopify/Page/24736170054","downloads","Downloads","global","DS-OSS212L-D5-Low-Profile","string","https://echostreams.blob.core.windows.net/datasheet/OmniStreams%20OSS212L-D5%20(Low%20Profile).pdf"
"gid://shopify/Page/24736170054","downloads","Downloads","global","DS-OSS212F-UN","string","https://echostreams.blob.core.windows.net/datasheet/OmniStreams%20OSS212F-UN.pdf"
"gid://shopify/Page/24736170054","downloads","Downloads","global","DS-OSS212F-D5-Full-Height","string","https://echostreams.blob.core.windows.net/datasheet/OmniStreams%20OSS212F-D5%20(Full%20Height).pdf"
"gid://shopify/Page/24736170054","downloads","Downloads","global","DS-OSS1A4-UN","string","https://echostreams.blob.core.windows.net/datasheet/OmniStreams%20OSS1A4-UN.pdf"
"gid://shopify/Page/24736170054","downloads","Downloads","global","DS-OSS1A4-D5","string","https://echostreams.blob.core.windows.net/datasheet/OmniStreams%20OSS1A4-D5.pdf"
"gid://shopify/Page/24736170054","downloads","Downloads","global","DS-FlacheSAN1N10U-UN","string","https://echostreams.blob.core.windows.net/datasheet/DS-FlacheSAN1N10U-UN_E.pdf"
"gid://shopify/Page/24736170054","downloads","Downloads","global","DS-FlacheSAN1L-UN","string","https://echostreams.blob.core.windows.net/datasheet/DS-FlacheSAN1L-UN_E.pdf"
"gid://shopify/Page/24736170054","downloads","Downloads","global","DS-FlacheSAN2V-UN","string","https://echostreams.blob.core.windows.net/datasheet/FlacheStreams%20FlacheSAN2V-UN.pdf"
"gid://shopify/Page/24736170054","downloads","Downloads","global","DS-FlacheSAN1N20U-UN","string","https://echostreams.blob.core.windows.net/datasheet/DS-FlacheSAN1N20U-UN_E.pdf"
"gid://shopify/Page/24736170054","downloads","Downloads","global","eDrawer4072S-D5","string","https://echostreams.blob.core.windows.net/datasheet/eDrawer4072S-D5.pdf"
"gid://shopify/Page/24736170054","downloads","Downloads","global","eDrawer4060S-D5","string","https://echostreams.blob.core.windows.net/datasheet/eDrawer4060S-D5.pdf"
"gid://shopify/Page/24736170054","downloads","Downloads","global","eDrawer4048S-D5","string","https://echostreams.blob.core.windows.net/datasheet/eDrawer%204048S-D5.pdf"
"gid://shopify/Page/24736170054","downloads","Downloads","global","DSS424S-UN","string","https://echostreams.blob.core.windows.net/datasheet/DuraStreams%20DSS424S-UN.pdf"
"gid://shopify/Page/24736170054","downloads","Downloads","global","DSS316S-UN","string","https://echostreams.blob.core.windows.net/datasheet/DuraStreams%20DSS316S-UN.pdf"
"gid://shopify/Page/24736170054","downloads","Downloads","global","DSS224S-UN","string","https://echostreams.blob.core.windows.net/datasheet/DuraStreams%20DSS224S-UN.pdf"
"gid://shopify/Page/24736170054","downloads","Downloads","global","DSS212S-UN","string","https://echostreams.blob.core.windows.net/datasheet/DuraStreams%20DSS212S-UN.pdf"
"gid://shopify/Page/24736170054","downloads","Downloads","global","DSS316S-D5","string","https://echostreams.blob.core.windows.net/datasheet/DSS316S-D5.pdf"
"gid://shopify/Page/24736170054","downloads","Downloads","global","DSS224S-D5","string","https://echostreams.blob.core.windows.net/datasheet/DSS224S-D5.pdf"
"gid://shopify/Page/24736170054","downloads","Downloads","global","DSS212S-U5","string","https://echostreams.blob.core.windows.net/datasheet/DSS212S-U5.pdf"
"gid://shopify/Page/24736170054","downloads","Downloads","global","DSS212S-D5","string","https://echostreams.blob.core.windows.net/datasheet/DSS212S-D5.pdf"
"gid://shopify/Page/24736170054","downloads","Downloads","global","OSS424-UN-QG","string","https://echostreams.blob.core.windows.net/install-guide/OSS424-UN%20Quick%20Guide%20v1.00.pdf"
"gid://shopify/Page/24736170054","downloads","Downloads","global","OSS424-D5-QG","string","https://echostreams.blob.core.windows.net/install-guide/OSS424-D5%20Quick%20Guide%20v1.10.pdf"
"gid://shopify/Page/24736170054","downloads","Downloads","global","OSS316-UN-QG","string","https://echostreams.blob.core.windows.net/install-guide/OSS316-UN%20Quick%20Guide%20v1.00.pdf"
"gid://shopify/Page/24736170054","downloads","Downloads","global","OSS316-D5-QG","string","https://echostreams.blob.core.windows.net/install-guide/OSS316-D5%20Quick%20Guide%20v1.10.pdf"
"gid://shopify/Page/24736170054","downloads","Downloads","global","OSS224-UN-QG","string","https://echostreams.blob.core.windows.net/install-guide/OSS224-UN%20Quick%20Guide%20v1.00.pdf"
"gid://shopify/Page/24736170054","downloads","Downloads","global","OSS224-D5-QG","string","https://echostreams.blob.core.windows.net/install-guide/OSS224-D5%20Quick%20Guide%20v1.10.pdf"
"gid://shopify/Page/24736170054","downloads","Downloads","global","OSS212L-UN-QG","string","https://echostreams.blob.core.windows.net/install-guide/OSS212L-UN%20Quick%20Guide%20v1.00.pdf"
"gid://shopify/Page/24736170054","downloads","Downloads","global","OSS212L-D5-QG","string","https://echostreams.blob.core.windows.net/install-guide/OSS212L-D5%20Quick%20Guide%20v1.10.pdf"
"gid://shopify/Page/24736170054","downloads","Downloads","global","OSS212F-UN-QG","string","https://echostreams.blob.core.windows.net/install-guide/OSS212F-UN%20Quick%20Guide%20v1.00.pdf"
"gid://shopify/Page/24736170054","downloads","Downloads","global","OSS212F-D5-QG","string","https://echostreams.blob.core.windows.net/install-guide/OSS212F-D5%20Quick%20Guide%20v1.10.pdf"
"gid://shopify/Page/24736170054","downloads","Downloads","global","OSS1A4-UN-QG","string","https://echostreams.blob.core.windows.net/install-guide/OSS1A4-UN%20Quick%20Guide%20v1.00.pdf"
"gid://shopify/Page/24736170054","downloads","Downloads","global","OSS1A4-D5-QG","string","https://echostreams.blob.core.windows.net/install-guide/OSS1A4-D5%20Quick%20Guide%20v1.00.pdf"
"gid://shopify/Page/24736170054","downloads","Downloads","global","FlacheSAN2V-UN-QG","string","https://echostreams.blob.core.windows.net/install-guide/FlacheSAN2V-UN%20Quick%20Guide%20v1.00.pdf"
"gid://shopify/Page/24736170054","downloads","Downloads","global","FlacheSAN2V-D5-QG","string","https://echostreams.blob.core.windows.net/install-guide/FlacheSAN2V-D5%20Quick%20Guide%20v1.00.pdf"
"gid://shopify/Page/24736170054","downloads","Downloads","global","FlacheSAN2N24U-D5-QG","string","https://echostreams.blob.core.windows.net/install-guide/FlacheSAN2N24U-D5%20Quick%20Guide%20v1.00.pdf"
"gid://shopify/Page/24736170054","downloads","Downloads","global","FlacheSAN2-D5-QG","string","https://echostreams.blob.core.windows.net/install-guide/FlacheSAN2-D5%20Quick%20Guide%20v1.10.pdf"
"gid://shopify/Page/24736170054","downloads","Downloads","global","FlacheSAN1L-UN-QG","string","https://echostreams.blob.core.windows.net/install-guide/FlacheSAN1L-UN%20Quick%20Guide%20v1.00.pdf"
"gid://shopify/Page/24736170054","downloads","Downloads","global","FlacheSAN1L-D5-QG","string","https://echostreams.blob.core.windows.net/install-guide/FlacheSAN1L-D5%20Quick%20Guide%20v1.00.pdf"
"gid://shopify/Page/24736170054","downloads","Downloads","global","eDrawer4060S-D5-QG","string","https://echostreams.blob.core.windows.net/install-guide/eDrawer4060S-D5%20Quick%20Guide%20v1.00.pdf"
"gid://shopify/Page/24736170054","downloads","Downloads","global","eDrawer4048S-UN-QG","string","https://echostreams.blob.core.windows.net/install-guide/eDrawer4048S-UN%20Quick%20Guide%20v1.00.pdf"
"gid://shopify/Page/24736170054","downloads","Downloads","global","eDrawer4048S-D5-QG","string","https://echostreams.blob.core.windows.net/install-guide/eDrawer4048S-D5%20Quick%20Guide%20v1.00.pdf"
"gid://shopify/Page/24736170054","downloads","Downloads","global","DSS424SL-D5-QG","string","https://echostreams.blob.core.windows.net/install-guide/DSS424SL-D5%20Quick%20Guide%20v1.00.pdf"
"gid://shopify/Page/24736170054","downloads","Downloads","global","DSS424SF-D5-QG","string","https://echostreams.blob.core.windows.net/install-guide/DSS424SF-D5%20Quick%20Guide%20v1.00.pdf"
"gid://shopify/Page/24736170054","downloads","Downloads","global","DSS424S-UN-QG","string","https://echostreams.blob.core.windows.net/install-guide/DSS424S-UN%20Quick%20Guide%20v1.00.pdf"
"gid://shopify/Page/24736170054","downloads","Downloads","global","DSS316S-D5-QG","string","https://echostreams.blob.core.windows.net/install-guide/DSS316S-D5%20Quick%20Guide%20v1.00.pdf"
"gid://shopify/Page/24736170054","downloads","Downloads","global","DSS224S-UN-QG","string","https://echostreams.blob.core.windows.net/install-guide/DSS224S-UN%20Quick%20Guide%20v1.00.pdf"
"gid://shopify/Page/24736170054","downloads","Downloads","global","DSS212S-UN-QG","string","https://echostreams.blob.core.windows.net/install-guide/DSS212S-UN%20Quick%20Guide%20v1.00.pdf"
"gid://shopify/Page/24736170054","downloads","Downloads","global","DS-FlacheSAN2N24U-D5","string","https://echostreams.blob.core.windows.net/datasheet/FlacheStreams-FlacheSAN2N24U-D5.pdf"
"gid://shopify/Page/24736170054","downloads","Downloads","global","DS-FlacheSAN2N12C-D5","string","https://echostreams.blob.core.windows.net/datasheet/FlacheStreams-FlacheSAN2N12C-D5.pdf"
"gid://shopify/Page/24736170054","downloads","Downloads","global","DS-FlacheSAN2-D5","string","https://echostreams.blob.core.windows.net/datasheet/FlacheStreams-FlacheSAN2-D5.pdf"
"gid://shopify/Page/24736170054","downloads","Downloads","global","DS-FlacheSAN1L-U5","string","https://echostreams.blob.core.windows.net/datasheet/FlacheStreams-FlacheSAN1L-U5.pdf"
"gid://shopify/Page/24736170054","downloads","Downloads","global","DS-FlacheSAN1L-D5","string","https://echostreams.blob.core.windows.net/datasheet/DS-FlacheSAN1L-D5_E.pdf"
"gid://shopify/Page/24736170054","downloads","Downloads","global","DS-FlacheSAN2V-U5","string","https://echostreams.blob.core.windows.net/datasheet/FlacheStreams%20FlacheSAN2V-U5.pdf"
"gid://shopify/Page/24736170054","downloads","Downloads","global","DS-FlacheSAN2V-D5","string","https://echostreams.blob.core.windows.net/datasheet/FlacheStreams-FlacheSAN2V-D5.pdf"
"gid://shopify/Page/24736170054","downloads","Downloads","global","DS-eDrawer4072J-S3","string","https://echostreams.blob.core.windows.net/datasheet/ScaleStreams-eDrawer4072J-S3.pdf"
"gid://shopify/Page/24736170054","downloads","Downloads","global","DS-eDrawer4060J-S3","string","https://echostreams.blob.core.windows.net/datasheet/ScaleStreams-eDrawer4060J-S3.pdf"
"gid://shopify/Page/24736170054","downloads","Downloads","global","DS-eDrawer4048J-S3","string","https://echostreams.blob.core.windows.net/datasheet/ScaleStreams-eDrawer4048J-S3.pdf"
"gid://shopify/Page/24736170054","downloads","Downloads","global","DS-DSS424J-S3","string","https://echostreams.blob.core.windows.net/datasheet/DuraStreams-DSS424J-S3.pdf"
"gid://shopify/Page/24736170054","downloads","Downloads","global","DS-DSS224J-S3","string","https://echostreams.blob.core.windows.net/datasheet/DuraStreams-DSS224J-S3.pdf"
"gid://shopify/Page/24736170054","downloads","Downloads","global","DS-DSS212J-S3","string","https://echostreams.blob.core.windows.net/datasheet/DuraStreams-DSS212J-S3.pdf"
"gid://shopify/Page/24736170054","downloads","Downloads","global","DS-GS206G-UN","string","https://echostreams.blob.core.windows.net/datasheet/GridStreams%20-%20GS206G-UN.PDF"
"gid://shopify/Page/24736170054","downloads","Downloads","global","DS-FlacheSAN1N36M-UN","string","https://echostreams.blob.core.windows.net/datasheet/FlacheStreams-FlacheSAN1N36M-UN.pdf"
"gid://shopify/Page/24736170054","downloads","Downloads","global","PB-ScaleStreams_Intel_E","string","https://echostreams.blob.core.windows.net/resources/product-brief/PB-ScaleStreams_Intel_E.pdf"
"gid://shopify/Page/24736170054","downloads","Downloads","global","PB-ScaleStreams_AMD_E","string","https://echostreams.blob.core.windows.net/resources/product-brief/PB-ScaleStreams_AMD_E.pdf"
"gid://shopify/Page/24736170054","downloads","Downloads","global","PB-OmniStreams_Intel_E","string","https://echostreams.blob.core.windows.net/resources/product-brief/PB-OmniStreams_Intel_E.pdf"
"gid://shopify/Page/24736170054","downloads","Downloads","global","PB-OmniStreams_AMD_E","string","https://echostreams.blob.core.windows.net/resources/product-brief/PB-OmniStreams_AMD_E.pdf"
"gid://shopify/Page/24736170054","downloads","Downloads","global","PB-GridStreams_AMD_E","string","https://echostreams.blob.core.windows.net/resources/product-brief/PB-GridStreams_AMD_E.pdf"
"gid://shopify/Page/24736170054","downloads","Downloads","global","PB-FlacheStreams_Intel_E","string","https://echostreams.blob.core.windows.net/resources/product-brief/PB-FlacheStreams_Intel_E.pdf"
"gid://shopify/Page/24736170054","downloads","Downloads","global","PB-DuraStreams_Intel_E","string","https://echostreams.blob.core.windows.net/resources/product-brief/PB-DuraStreams_Intel_E.pdf"
"gid://shopify/Page/24736170054","downloads","Downloads","global","PB-DuraStreams_AMD_E","string","https://echostreams.blob.core.windows.net/resources/product-brief/PB-DuraStreams_AMD_E.pdf"
"gid://shopify/Page/24736170054","downloads","Downloads","global","PB-FlacheStreams_AMD_E","string","https://echostreams.blob.core.windows.net/resources/product-brief/PB-FlacheStreams_AMD_E.pdf"
"gid://shopify/Page/24736170054","downloads","Downloads","global","DS-FlacheSAN4N24M-UN_E","string","https://echostreams.blob.core.windows.net/datasheet/DS-FlacheSAN4N24M-UN_E.pdf"
"gid://shopify/Page/24736170054","downloads","Downloads","global","DS-DSS224S-UN_E","string","https://echostreams.blob.core.windows.net/datasheet/DS-DSS224S-UN_E.pdf"
"gid://shopify/Page/24736170054","downloads","Downloads","global","DS-DSS224N-UN_E","string","https://echostreams.blob.core.windows.net/datasheet/DS-DSS224N-UN_E.pdf"
"gid://shopify/Page/24736170054","downloads","Downloads","global","DS-DSS448S-D5_E","string","https://echostreams.blob.core.windows.net/datasheet/DS-DSS448S-D5_E.pdf"
"gid://shopify/Page/24736170054","downloads","Downloads","global","DS_GS206G-UN_E","string","https://echostreams.blob.core.windows.net/datasheet/DS_GS206G-UN_E.pdf"
"gid://shopify/Page/24736170054","downloads","Downloads","global","DS_FlacheSAN2N108M-UN_E","string","https://echostreams.blob.core.windows.net/datasheet/DS_FlacheSAN2N108M-UN_E.pdf"
"gid://shopify/Page/24736170054","downloads","Downloads","global","DS_FlacheSAN2N108M-D5_E","string","https://echostreams.blob.core.windows.net/datasheet/DS_FlacheSAN2N108M-D5_E.pdf"
"gid://shopify/Page/24736170054","downloads","Downloads","global","DS_FlacheSAN4N24M-UN_E","string","https://echostreams.blob.core.windows.net/datasheet/DS_FlacheSAN4N24M-UN_E.pdf"
"gid://shopify/Page/24736170054","downloads","Downloads","global","DS_FlacheSAN1L-D5_E","string","https://echostreams.blob.core.windows.net/datasheet/DS_FlacheSAN1L-D5_E.pdf"
"gid://shopify/Page/24736170054","downloads","Downloads","global","DS_FlacheSAN1L-UN_E","string","https://echostreams.blob.core.windows.net/datasheet/DS_FlacheSAN1L-UN_E.pdf"
"gid://shopify/Page/24736170054","downloads","Downloads","global","DS_FlacheSAN1N10U-UN_E","string","https://echostreams.blob.core.windows.net/datasheet/DS_FlacheSAN1N10U-UN_E.pdf"
"gid://shopify/Page/24736170054","downloads","Downloads","global","DS_FlacheSAN1L-U5_E","string","https://echostreams.blob.core.windows.net/datasheet/DS_FlacheSAN1L-U5_E.pdf"
"gid://shopify/Page/24736170054","downloads","Downloads","global","DS_FlacheSAN2N24U-D5_E","string","https://echostreams.blob.core.windows.net/datasheet/DS_FlacheSAN2N24U-D5_E.pdf"
"gid://shopify/Page/24736170054","downloads","Downloads","global","DS_FlacheSAN2N12C-D5_E","string","https://echostreams.blob.core.windows.net/datasheet/DS_FlacheSAN2N12C-D5_E.pdf"
"gid://shopify/Page/24736170054","downloads","Downloads","global","DS_FlacheSAN2-D5_E","string","https://echostreams.blob.core.windows.net/datasheet/DS_FlacheSAN2-D5_E.pdf"
"gid://shopify/Page/24736170054","downloads","Downloads","global","DS_FlacheSAN1N20U-UN_E","string","https://echostreams.blob.core.windows.net/datasheet/DS_FlacheSAN1N20U-UN_E.pdf"
"gid://shopify/Page/24736170054","downloads","Downloads","global","DS_FlacheSAN2V-UN_E","string","https://echostreams.blob.core.windows.net/datasheet/DS_FlacheSAN2V-UN_E.pdf"
"gid://shopify/Page/24736170054","downloads","Downloads","global","DS_FlacheSAN2V-D5_E","string","https://echostreams.blob.core.windows.net/datasheet/DS_FlacheSAN2V-D5_E.pdf"
"gid://shopify/Page/24736170054","downloads","Downloads","global","DS_FlacheSAN2V-U5_E","string","https://echostreams.blob.core.windows.net/datasheet/DS_FlacheSAN2V-U5_E.pdf"
"gid://shopify/Page/24736170054","downloads","Downloads","global","DS_DSS316J-S3_E","string","https://echostreams.blob.core.windows.net/datasheet/DS_DSS316J-S3_E.pdf"
"gid://shopify/Page/24736170054","downloads","Downloads","global","DS_DSS224S-D5_E","string","https://echostreams.blob.core.windows.net/datasheet/DS_DSS224S-D5_E.pdf"
"gid://shopify/Page/24736170054","downloads","Downloads","global","DS_DSS316S-D5_E","string","https://echostreams.blob.core.windows.net/datasheet/DS_DSS316S-D5_E.pdf"
"gid://shopify/Page/24736170054","downloads","Downloads","global","DS_DSS316S-UN_E","string","https://echostreams.blob.core.windows.net/datasheet/DS_DSS316S-UN_E.pdf"
"gid://shopify/Page/24736170054","downloads","Downloads","global","DS_DSS224S-UN_E","string","https://echostreams.blob.core.windows.net/datasheet/DS_DSS224S-UN_E.pdf"
"gid://shopify/Page/24736170054","downloads","Downloads","global","DS_DSS424S-D5_E","string","https://echostreams.blob.core.windows.net/datasheet/DS_DSS424S-D5_E.pdf"
"gid://shopify/Page/24736170054","downloads","Downloads","global","DS_DSS448S-D5_E","string","https://echostreams.blob.core.windows.net/datasheet/DS_DSS448S-D5_E.pdf"
"gid://shopify/Page/24736170054","downloads","Downloads","global","DS_eDrawer4048S-D5_E","string","https://echostreams.blob.core.windows.net/datasheet/DS_eDrawer4048S-D5_E.pdf"
"gid://shopify/Page/24736170054","downloads","Downloads","global","DS_DSS424S-UN_E","string","https://echostreams.blob.core.windows.net/datasheet/DS_DSS424S-UN_E.pdf"
"gid://shopify/Page/24736170054","downloads","Downloads","global","DS_eDrawer4048S-UN_E","string","https://echostreams.blob.core.windows.net/datasheet/DS_eDrawer4048S-UN_E.pdf"
"gid://shopify/Page/24736170054","downloads","Downloads","global","DS_eDrawer4060S-D5_E","string","https://echostreams.blob.core.windows.net/datasheet/DS_eDrawer4060S-D5_E.pdf"
"gid://shopify/Page/24736170054","downloads","Downloads","global","DS_eDrawer4060S-UN_E","string","https://echostreams.blob.core.windows.net/datasheet/DS_eDrawer4060S-UN_E.pdf"
"gid://shopify/Page/24736170054","downloads","Downloads","global","DS_OSS1A4-D5_E","string","https://echostreams.blob.core.windows.net/datasheet/DS_OSS1A4-D5_E.pdf"
"gid://shopify/Page/24736170054","downloads","Downloads","global","DS_OSS224-D5_E","string","https://echostreams.blob.core.windows.net/datasheet/DS_OSS224-D5_E.pdf"
"gid://shopify/Page/24736170054","downloads","Downloads","global","DS_OSS212L-D5_E","string","https://echostreams.blob.core.windows.net/datasheet/DS_OSS212L-D5_E.pdf"
"gid://shopify/Page/24736170054","downloads","Downloads","global","DS_OSS316-D5_E","string","https://echostreams.blob.core.windows.net/datasheet/DS_OSS316-D5_E.pdf"
"gid://shopify/Page/24736170054","downloads","Downloads","global","DS_OSS212F-D5_E","string","https://echostreams.blob.core.windows.net/datasheet/DS_OSS212F-D5_E.pdf"
"gid://shopify/Page/24736170054","downloads","Downloads","global","DS_DSS212S-U5_E","string","https://echostreams.blob.core.windows.net/datasheet/DS_DSS212S-U5_E.pdf"
"gid://shopify/Page/24736170054","downloads","Downloads","global","DS_OSS424-D5_E","string","https://echostreams.blob.core.windows.net/datasheet/DS_OSS424-D5_E.pdf"
"gid://shopify/Page/24736170054","downloads","Downloads","global","DS_DSS212S-D5_E","string","https://echostreams.blob.core.windows.net/datasheet/DS_DSS212S-D5_E.pdf"
"gid://shopify/Page/24736170054","downloads","Downloads","global","DS_DSS224N-UN_E","string","https://echostreams.blob.core.windows.net/datasheet/DS_DSS224N-UN_E.pdf"
"gid://shopify/Page/24736170054","downloads","Downloads","global","DS_DSS212S-UN_E","string","https://echostreams.blob.core.windows.net/datasheet/DS_DSS212S-UN_E.pdf"
"gid://shopify/Page/24736170054","downloads","Downloads","global","DS-FlacheSAN1N36M-UN_E","string","https://echostreams.blob.core.windows.net/datasheet/FlacheStreams-FlacheSAN1N36M-UN.pdf"
"gid://shopify/Page/24736170054","downloads","Downloads","global","DS_eDrawer4072J-S3_E","string","https://echostreams.blob.core.windows.net/datasheet/ScaleStreams-eDrawer4072J-S3.pdf"
"gid://shopify/Page/24736170054","downloads","Downloads","global","DS_eDrawer4060J-S3_E","string","https://echostreams.blob.core.windows.net/datasheet/ScaleStreams-eDrawer4060J-S3.pdf"
"gid://shopify/Page/24736170054","downloads","Downloads","global","DS_eDrawer4048J-S3_E","string","https://echostreams.blob.core.windows.net/datasheet/ScaleStreams-eDrawer4048J-S3.pdf"
"gid://shopify/Page/24736170054","downloads","Downloads","global","DS_DSS424J-S3_E","string","https://echostreams.blob.core.windows.net/datasheet/DuraStreams-DSS424J-S3.pdf"
"gid://shopify/Page/24736170054","downloads","Downloads","global","DS_DSS224J-S3_E","string","https://echostreams.blob.core.windows.net/datasheet/DuraStreams-DSS224J-S3.pdf"
"gid://shopify/Page/24736170054","downloads","Downloads","global","DS_DSS212J-S3_E","string","https://echostreams.blob.core.windows.net/datasheet/DuraStreams-DSS212J-S3.pdf"
"gid://shopify/Page/24736170054","downloads","Downloads","global","DS_FlacheSAN4N24M-UR_E","string","https://echostreams.blob.core.windows.net/datasheet/DS_FlacheSAN4N24M-UR_E.pdf"
"gid://shopify/Page/24736170054","downloads","Downloads","global","DS_FlacheSAN2N24U-UR_E","string","https://echostreams.blob.core.windows.net/datasheet/DS_FlacheSAN2N24U-UR_E.pdf"
"gid://shopify/Page/24736170054","downloads","Downloads","global","DS_FlacheSAN1N10U-UR_E","string","https://echostreams.blob.core.windows.net/datasheet/DS_FlacheSAN1N10U-UR_E.pdf"
"gid://shopify/Page/24736170054","downloads","Downloads","global","DS_FlacheSAN1N36M-UR_E","string","https://echostreams.blob.core.windows.net/datasheet/DS_FlacheSAN1N36M-UR_E.pdf"
"gid://shopify/Page/24736170054","downloads","Downloads","global","DS_DSS448S-UR_E","string","https://echostreams.blob.core.windows.net/datasheet/DS_DSS448S-UR_E.pdf"
